id,user,name,queue,state,finalStatus,progress,trackingUI,trackingUrl,diagnostics,clusterId,applicationType,applicationTags,priority,startedTime,finishedTime,elapsedTime,amContainerLogs,amHostHttpAddress,allocatedMB,allocatedVCores,runningContainers,memorySeconds,vcoreSeconds,queueUsagePercentage,clusterUsagePercentage,preemptedResourceMB,preemptedResourceVCores,numNonAMContainerPreempted,numAMContainerPreempted,logAggregationStatus,unmanagedApplication,amNodeLabelExpression
application_1508997803791_0006,ambari-qa,word count,default,FINISHED,SUCCEEDED,100.0,History,http://hdp203.cancer.com:8088/proxy/application_1508997803791_0006/,null,1509436254805,MAPREDUCE,,0,1508998361004,1508998389890,28886,http://hdp204.cancer.com:8042/node/containerlogs/container_1508997803791_0006_01_000001/ambari-qa,hdp204.cancer.com:8042,-1,-1,-1,68053,46,0.0,0.0,0,0,0,0,NOT_START,False,
application_1508997803791_0005,ambari-qa,DistributedShell,default,FINISHED,SUCCEEDED,100.0,History,http://hdp203.cancer.com:8088/proxy/application_1508997803791_0005/,null,1509436254805,YARN,,0,1508998302153,1508998309558,7405,http://hdp203.cancer.com:8042/node/containerlogs/container_1508997803791_0005_01_000001/ambari-qa,hdp203.cancer.com:8042,-1,-1,-1,7935,7,0.0,0.0,0,0,0,0,NOT_START,False,
application_1508997803791_0004,ambari-qa,OrderedWordCount,default,FINISHED,SUCCEEDED,100.0,History,http://hdp203.cancer.com:8088/proxy/application_1508997803791_0004/,null,1509436254805,TEZ,,0,1508998076656,1508998105956,29300,http://hdp204.cancer.com:8042/node/containerlogs/container_1508997803791_0004_01_000001/ambari-qa,hdp204.cancer.com:8042,-1,-1,-1,47065,27,0.0,0.0,0,0,0,0,NOT_START,False,
application_1508997803791_0003,ambari-qa,PigLatin:pigSmoke.sh,default,FINISHED,SUCCEEDED,100.0,History,http://hdp203.cancer.com:8088/proxy/application_1508997803791_0003/,null,1509436254805,TEZ,,0,1508998004353,1508998087292,82939,http://hdp203.cancer.com:8042/node/containerlogs/container_1508997803791_0003_01_000001/ambari-qa,hdp203.cancer.com:8042,-1,-1,-1,53580,32,0.0,0.0,0,0,0,0,NOT_START,False,
application_1508997803791_0002,ambari-qa,SequenceFilesFromDirectory,default,FINISHED,SUCCEEDED,100.0,History,http://hdp203.cancer.com:8088/proxy/application_1508997803791_0002/,null,1509436254805,MAPREDUCE,,0,1508997993331,1508998060708,67377,http://hdp204.cancer.com:8042/node/containerlogs/container_1508997803791_0002_01_000001/ambari-qa,hdp204.cancer.com:8042,-1,-1,-1,138928,98,0.0,0.0,0,0,0,0,NOT_START,False,
application_1508997803791_0001,ambari-qa,PigLatin:pigSmoke.sh,default,FINISHED,SUCCEEDED,100.0,History,http://hdp203.cancer.com:8088/proxy/application_1508997803791_0001/,null,1509436254805,TEZ,,0,1508997937225,1508997996652,59427,http://hdp203.cancer.com:8042/node/containerlogs/container_1508997803791_0001_01_000001/ambari-qa,hdp203.cancer.com:8042,-1,-1,-1,145642,82,0.0,0.0,0,0,0,0,NOT_START,False,
application_1509434950632_0001,root,QuasiMonteCarlo,hive,FINISHED,SUCCEEDED,100.0,History,http://hdp203.cancer.com:8088/proxy/application_1509434950632_0001/,null,1509436254805,MAPREDUCE,,0,1509435581014,1509435807685,226671,http://hdp204.cancer.com:8042/node/containerlogs/container_e04_1509434950632_0001_01_000001/root,hdp204.cancer.com:8042,-1,-1,-1,1956686,761,0.0,0.0,0,0,0,0,NOT_START,False,
application_1509434950632_0002,root,QuasiMonteCarlo,hive,FINISHED,SUCCEEDED,100.0,History,http://hdp203.cancer.com:8088/proxy/application_1509434950632_0002/,null,1509436254805,MAPREDUCE,,0,1509435866351,1509435996159,129808,http://hdp203.cancer.com:8042/node/containerlogs/container_e04_1509434950632_0002_01_000001/root,hdp203.cancer.com:8042,-1,-1,-1,878995,462,0.0,0.0,0,0,0,0,NOT_START,False,
application_1508997803791_0007,hdfs,word count,default,FINISHED,SUCCEEDED,100.0,History,http://hdp203.cancer.com:8088/proxy/application_1508997803791_0007/,null,1509436254805,MAPREDUCE,,0,1509085468447,1509085489344,20897,http://hdp204.cancer.com:8042/node/containerlogs/container_1508997803791_0007_01_000001/hdfs,hdp204.cancer.com:8042,-1,-1,-1,41183,29,0.0,0.0,0,0,0,0,NOT_START,False,
application_1509085892079_0022,root,org.apache.spark.examples.ml.KMeansExample,hive,FINISHED,SUCCEEDED,100.0,History,http://hdp203.cancer.com:8088/proxy/application_1509085892079_0022/,null,1509436254805,SPARK,,0,1509096082528,1509096109860,27332,http://hdp204.cancer.com:8042/node/containerlogs/container_e01_1509085892079_0022_01_000001/root,hdp204.cancer.com:8042,-1,-1,-1,125160,60,0.0,0.0,0,0,0,0,NOT_START,False,
application_1509085892079_0020,root,org.apache.spark.examples.LogQuery,hive,FINISHED,FAILED,100.0,History,http://hdp203.cancer.com:8088/proxy/application_1509085892079_0020/,null,1509436254805,SPARK,,0,1509095984811,1509096015222,30411,http://hdp203.cancer.com:8042/node/containerlogs/container_e01_1509085892079_0020_02_000001/root,hdp203.cancer.com:8042,-1,-1,-1,128801,61,0.0,0.0,0,0,0,0,NOT_START,False,
application_1509085892079_0019,root,org.apache.spark.examples.LogQuery,hive,FINISHED,FAILED,100.0,History,http://hdp203.cancer.com:8088/proxy/application_1509085892079_0019/,null,1509436254805,SPARK,,0,1509095930310,1509095971849,41539,http://hdp204.cancer.com:8042/node/containerlogs/container_e01_1509085892079_0019_02_000001/root,hdp204.cancer.com:8042,-1,-1,-1,157376,74,0.0,0.0,0,0,0,0,NOT_START,False,
application_1509085892079_0016,root,org.apache.spark.examples.SparkPi,hive,FINISHED,SUCCEEDED,100.0,History,http://hdp203.cancer.com:8088/proxy/application_1509085892079_0016/,null,1509436254805,SPARK,,0,1509095534540,1509095555459,20919,http://hdp203.cancer.com:8042/node/containerlogs/container_e01_1509085892079_0016_01_000001/root,hdp203.cancer.com:8042,-1,-1,-1,81126,37,0.0,0.0,0,0,0,0,NOT_START,False,
application_1509085892079_0028,root,org.apache.spark.examples.ml.SimpleTextClassificationPipeline,hive,FINISHED,SUCCEEDED,100.0,History,http://hdp203.cancer.com:8088/proxy/application_1509085892079_0028/,null,1509436254805,SPARK,,0,1509096821453,1509096856175,34722,http://hdp203.cancer.com:8042/node/containerlogs/container_e01_1509085892079_0028_01_000001/root,hdp203.cancer.com:8042,-1,-1,-1,162732,77,0.0,0.0,0,0,0,0,NOT_START,False,
application_1509085892079_0027,root,org.apache.spark.examples.streaming.QueueStream,hive,FINISHED,SUCCEEDED,100.0,History,http://hdp203.cancer.com:8088/proxy/application_1509085892079_0027/,null,1509436254805,SPARK,,0,1509096357715,1509096411847,54132,http://hdp204.cancer.com:8042/node/containerlogs/container_e01_1509085892079_0027_01_000001/root,hdp204.cancer.com:8042,-1,-1,-1,286577,138,0.0,0.0,0,0,0,0,NOT_START,False,
application_1509085892079_0004,hdfs,word count,hive,FINISHED,SUCCEEDED,100.0,History,http://hdp203.cancer.com:8088/proxy/application_1509085892079_0004/,null,1509436254805,MAPREDUCE,,0,1509089981966,1509090001103,19137,http://hdp204.cancer.com:8042/node/containerlogs/container_e01_1509085892079_0004_01_000001/hdfs,hdp204.cancer.com:8042,-1,-1,-1,38757,27,0.0,0.0,0,0,0,0,NOT_START,False,
application_1509085892079_0003,hdfs,word count,hive,FINISHED,SUCCEEDED,100.0,History,http://hdp203.cancer.com:8088/proxy/application_1509085892079_0003/,null,1509436254805,MAPREDUCE,,0,1509089646586,1509089666869,20283,http://hdp204.cancer.com:8042/node/containerlogs/container_e01_1509085892079_0003_01_000001/hdfs,hdp204.cancer.com:8042,-1,-1,-1,38992,27,0.0,0.0,0,0,0,0,NOT_START,False,
application_1509085892079_0011,root,org.apache.spark.examples.SparkPi,hive,FINISHED,SUCCEEDED,100.0,History,http://hdp203.cancer.com:8088/proxy/application_1509085892079_0011/,null,1509436254805,SPARK,,0,1509094598140,1509094619012,20872,http://hdp204.cancer.com:8042/node/containerlogs/container_e01_1509085892079_0011_01_000001/root,hdp204.cancer.com:8042,-1,-1,-1,88245,42,0.0,0.0,0,0,0,0,NOT_START,False,
application_1509085892079_0010,root,org.apache.spark.examples.SparkPi,hive,FINISHED,SUCCEEDED,100.0,History,http://hdp203.cancer.com:8088/proxy/application_1509085892079_0010/,null,1509436254805,SPARK,,0,1509094003202,1509094041460,38258,http://hdp203.cancer.com:8042/node/containerlogs/container_e01_1509085892079_0010_01_000001/root,hdp203.cancer.com:8042,-1,-1,-1,174774,83,0.0,0.0,0,0,0,0,NOT_START,False,
application_1509085892079_0031,root,org.apache.spark.examples.streaming.QueueStream,hive,FINISHED,SUCCEEDED,100.0,History,http://hdp203.cancer.com:8088/proxy/application_1509085892079_0031/,null,1509436254805,SPARK,,0,1509097369668,1509097421574,51906,http://hdp204.cancer.com:8042/node/containerlogs/container_e01_1509085892079_0031_01_000001/root,hdp204.cancer.com:8042,-1,-1,-1,276917,133,0.0,0.0,0,0,0,0,NOT_START,False,
application_1509343490195_0020,root,QuasiMonteCarlo,hive,FINISHED,SUCCEEDED,100.0,History,http://hdp203.cancer.com:8088/proxy/application_1509343490195_0020/,null,1509436254805,MAPREDUCE,,0,1509418065891,1509419646241,1580350,http://hdp204.cancer.com:8042/node/containerlogs/container_e03_1509343490195_0020_01_000001/root,hdp204.cancer.com:8042,-1,-1,-1,13925125,10377,0.0,0.0,0,0,0,0,NOT_START,False,
application_1509343490195_0019,root,QuasiMonteCarlo,hive,FINISHED,SUCCEEDED,100.0,History,http://hdp203.cancer.com:8088/proxy/application_1509343490195_0019/,null,1509436254805,MAPREDUCE,,0,1509417994733,1509418015859,21126,http://hdp204.cancer.com:8042/node/containerlogs/container_e03_1509343490195_0019_01_000001/root,hdp204.cancer.com:8042,-1,-1,-1,104090,52,0.0,0.0,0,0,0,0,NOT_START,False,
application_1509343490195_0021,root,QuasiMonteCarlo,hive,FINISHED,SUCCEEDED,100.0,History,http://hdp203.cancer.com:8088/proxy/application_1509343490195_0021/,null,1509436254805,MAPREDUCE,,0,1509419004079,1509419719463,715384,http://hdp203.cancer.com:8042/node/containerlogs/container_e03_1509343490195_0021_01_000001/root,hdp203.cancer.com:8042,-1,-1,-1,281661,145,0.0,0.0,0,0,0,0,NOT_START,False,
application_1509343490195_0024,root,SimpleTextClassificationPipeline,spark,FINISHED,SUCCEEDED,100.0,History,http://hdp203.cancer.com:8088/proxy/application_1509343490195_0024/,null,1509436254805,SPARK,,0,1509426373287,1509428372838,1999551,http://hdp203.cancer.com:8042/node/containerlogs/container_e03_1509343490195_0024_01_000001/root,hdp203.cancer.com:8042,-1,-1,-1,5974582,1964,0.0,0.0,0,0,0,0,NOT_START,False,
application_1509343490195_0026,root,SimpleTextClassificationPipeline,spark,FINISHED,SUCCEEDED,100.0,History,http://hdp203.cancer.com:8088/proxy/application_1509343490195_0026/,null,1509436254805,SPARK,,0,1509428576169,1509428601476,25307,http://hdp204.cancer.com:8042/node/containerlogs/container_e03_1509343490195_0026_01_000001/root,hdp204.cancer.com:8042,-1,-1,-1,141694,55,0.0,0.0,0,0,0,0,NOT_START,False,
application_1509343490195_0025,root,SimpleTextClassificationPipeline,spark,FINISHED,SUCCEEDED,100.0,History,http://hdp203.cancer.com:8088/proxy/application_1509343490195_0025/,null,1509436254805,SPARK,,0,1509428519787,1509428550836,31049,http://hdp204.cancer.com:8042/node/containerlogs/container_e03_1509343490195_0025_01_000001/root,hdp204.cancer.com:8042,-1,-1,-1,181930,71,0.0,0.0,0,0,0,0,NOT_START,False,
application_1509343490195_0027,root,QuasiMonteCarlo,hive,FINISHED,FAILED,100.0,History,http://hdp203.cancer.com:8088/proxy/application_1509343490195_0027/,null,1509436254805,MAPREDUCE,,0,1509428644756,1509430767362,2122606,http://hdp203.cancer.com:8042/node/containerlogs/container_e03_1509343490195_0027_01_000001/root,hdp203.cancer.com:8042,-1,-1,-1,21664904,16866,0.0,0.0,0,0,0,0,NOT_START,False,
application_1509436254805_0074,root,QuasiMonteCarlo,hive,FINISHED,SUCCEEDED,100.0,History,http://hdp203.cancer.com:8088/proxy/application_1509436254805_0074/,,1509436254805,MAPREDUCE,,0,1510669750523,1510669851286,100763,http://hdp204.cancer.com:8042/node/containerlogs/container_e05_1509436254805_0074_01_000001/root,hdp204.cancer.com:8042,-1,-1,-1,272449,168,0.0,0.0,0,0,0,0,SUCCEEDED,False,
application_1509436254805_0071,root,QuasiMonteCarlo,hive,FINISHED,SUCCEEDED,100.0,History,http://hdp203.cancer.com:8088/proxy/application_1509436254805_0071/,,1509436254805,MAPREDUCE,,0,1510669182338,1510669289543,107205,http://hdp203.cancer.com:8042/node/containerlogs/container_e05_1509436254805_0071_01_000001/root,hdp203.cancer.com:8042,-1,-1,-1,624990,349,0.0,0.0,0,0,0,0,SUCCEEDED,False,
application_1509436254805_0068,root,QuasiMonteCarlo,hive,FINISHED,SUCCEEDED,100.0,History,http://hdp203.cancer.com:8088/proxy/application_1509436254805_0068/,,1509436254805,MAPREDUCE,,0,1510668709879,1510668834694,124815,http://hdp204.cancer.com:8042/node/containerlogs/container_e05_1509436254805_0068_01_000001/root,hdp204.cancer.com:8042,-1,-1,-1,691276,374,0.0,0.0,0,0,0,0,SUCCEEDED,False,
application_1509436254805_0065,root,QuasiMonteCarlo,hive,FINISHED,SUCCEEDED,100.0,History,http://hdp203.cancer.com:8088/proxy/application_1509436254805_0065/,,1509436254805,MAPREDUCE,,0,1510666323375,1510666372845,49470,http://hdp203.cancer.com:8042/node/containerlogs/container_e05_1509436254805_0065_01_000001/root,hdp203.cancer.com:8042,-1,-1,-1,249695,136,0.0,0.0,0,0,0,0,SUCCEEDED,False,
application_1509343490195_0002,root,org.apache.spark.examples.streaming.QueueStream,hive,FINISHED,SUCCEEDED,100.0,History,http://hdp203.cancer.com:8088/proxy/application_1509343490195_0002/,null,1509436254805,SPARK,,0,1509345312128,1509345370172,58044,http://hdp203.cancer.com:8042/node/containerlogs/container_e03_1509343490195_0002_01_000001/root,hdp203.cancer.com:8042,-1,-1,-1,283751,137,0.0,0.0,0,0,0,0,NOT_START,False,
application_1509436254805_0062,root,QuasiMonteCarlo,hive,FINISHED,SUCCEEDED,100.0,History,http://hdp203.cancer.com:8088/proxy/application_1509436254805_0062/,,1509436254805,MAPREDUCE,,0,1510665027196,1510665099393,72197,http://hdp203.cancer.com:8042/node/containerlogs/container_e05_1509436254805_0062_01_000001/root,hdp203.cancer.com:8042,-1,-1,-1,281414,137,0.0,0.0,0,0,0,0,SUCCEEDED,False,
application_1509343490195_0003,root,org.apache.spark.examples.streaming.QueueStream,hive,FINISHED,SUCCEEDED,100.0,History,http://hdp203.cancer.com:8088/proxy/application_1509343490195_0003/,null,1509436254805,SPARK,,0,1509345319088,1509345424617,105529,http://hdp204.cancer.com:8042/node/containerlogs/container_e03_1509343490195_0003_01_000001/root,hdp204.cancer.com:8042,-1,-1,-1,278685,135,0.0,0.0,0,0,0,0,NOT_START,False,
application_1509343490195_0006,root,org.apache.spark.examples.streaming.QueueStream,hive,FINISHED,SUCCEEDED,100.0,History,http://hdp203.cancer.com:8088/proxy/application_1509343490195_0006/,null,1509436254805,SPARK,,0,1509349356649,1509349438474,81825,http://hdp203.cancer.com:8042/node/containerlogs/container_e03_1509343490195_0006_01_000001/root,hdp203.cancer.com:8042,-1,-1,-1,515359,137,0.0,0.0,0,0,0,0,NOT_START,False,
application_1509343490195_0005,root,org.apache.spark.examples.streaming.QueueStream,hive,FINISHED,SUCCEEDED,100.0,History,http://hdp203.cancer.com:8088/proxy/application_1509343490195_0005/,null,1509436254805,SPARK,,0,1509349278535,1509349328983,50448,http://hdp203.cancer.com:8042/node/containerlogs/container_e03_1509343490195_0005_01_000001/root,hdp203.cancer.com:8042,-1,-1,-1,377352,137,0.0,0.0,0,0,0,0,NOT_START,False,
application_1509343490195_0008,root,org.apache.spark.examples.ml.SimpleTextClassificationPipeline,hive,FINISHED,SUCCEEDED,100.0,History,http://hdp203.cancer.com:8088/proxy/application_1509343490195_0008/,null,1509436254805,SPARK,,0,1509349645568,1509349706178,60610,http://hdp203.cancer.com:8042/node/containerlogs/container_e03_1509343490195_0008_01_000001/root,hdp203.cancer.com:8042,-1,-1,-1,234029,114,0.0,0.0,0,0,0,0,NOT_START,False,
application_1509343490195_0007,root,org.apache.spark.examples.streaming.QueueStream,hive,FINISHED,SUCCEEDED,100.0,History,http://hdp203.cancer.com:8088/proxy/application_1509343490195_0007/,null,1509436254805,SPARK,,0,1509349589482,1509349658936,69454,http://hdp204.cancer.com:8042/node/containerlogs/container_e03_1509343490195_0007_01_000001/root,hdp204.cancer.com:8042,-1,-1,-1,486057,123,0.0,0.0,0,0,0,0,NOT_START,False,
application_1509436254805_0086,root,QuasiMonteCarlo,hive,FINISHED,SUCCEEDED,100.0,History,http://hdp203.cancer.com:8088/proxy/application_1509436254805_0086/,,1509436254805,MAPREDUCE,,0,1510674539747,1510674627036,87289,http://hdp204.cancer.com:8042/node/containerlogs/container_e05_1509436254805_0086_01_000001/root,hdp204.cancer.com:8042,-1,-1,-1,256661,155,0.0,0.0,0,0,0,0,SUCCEEDED,False,
application_1509343490195_0009,root,org.apache.spark.examples.streaming.QueueStream,hive,FINISHED,SUCCEEDED,100.0,History,http://hdp203.cancer.com:8088/proxy/application_1509343490195_0009/,null,1509436254805,SPARK,,0,1509349681036,1509349775287,94251,http://hdp204.cancer.com:8042/node/containerlogs/container_e03_1509343490195_0009_01_000001/root,hdp204.cancer.com:8042,-1,-1,-1,506825,126,0.0,0.0,0,0,0,0,NOT_START,False,
application_1509343490195_0012,root,org.apache.spark.examples.streaming.QueueStream,spark,FINISHED,SUCCEEDED,100.0,History,http://hdp203.cancer.com:8088/proxy/application_1509343490195_0012/,null,1509436254805,SPARK,,0,1509414864431,1509414934985,70554,http://hdp203.cancer.com:8042/node/containerlogs/container_e03_1509343490195_0012_01_000001/root,hdp203.cancer.com:8042,-1,-1,-1,265115,128,0.0,0.0,0,0,0,0,NOT_START,False,
application_1509343490195_0011,root,org.apache.spark.examples.streaming.QueueStream,hive,FINISHED,SUCCEEDED,100.0,History,http://hdp203.cancer.com:8088/proxy/application_1509343490195_0011/,null,1509436254805,SPARK,,0,1509349971466,1509350045819,74353,http://hdp203.cancer.com:8042/node/containerlogs/container_e03_1509343490195_0011_01_000001/root,hdp203.cancer.com:8042,-1,-1,-1,504678,129,0.0,0.0,0,0,0,0,NOT_START,False,
application_1509436254805_0083,root,QuasiMonteCarlo,hive,FINISHED,SUCCEEDED,100.0,History,http://hdp203.cancer.com:8088/proxy/application_1509436254805_0083/,,1509436254805,MAPREDUCE,,0,1510673338126,1510673502913,164787,http://hdp203.cancer.com:8042/node/containerlogs/container_e05_1509436254805_0083_01_000001/root,hdp203.cancer.com:8042,-1,-1,-1,809181,444,0.0,0.0,0,0,0,0,SUCCEEDED,False,
application_1509343490195_0014,root,QuasiMonteCarlo,hive,FINISHED,SUCCEEDED,100.0,History,http://hdp203.cancer.com:8088/proxy/application_1509343490195_0014/,null,1509436254805,MAPREDUCE,,0,1509416148026,1509416226168,78142,http://hdp204.cancer.com:8042/node/containerlogs/container_e03_1509343490195_0014_01_000001/root,hdp204.cancer.com:8042,-1,-1,-1,302870,185,0.0,0.0,0,0,0,0,NOT_START,False,
application_1509343490195_0016,root,QuasiMonteCarlo,hive,FINISHED,SUCCEEDED,100.0,History,http://hdp203.cancer.com:8088/proxy/application_1509343490195_0016/,null,1509436254805,MAPREDUCE,,0,1509416249539,1509417178662,929123,http://hdp204.cancer.com:8042/node/containerlogs/container_e03_1509343490195_0016_01_000001/root,hdp204.cancer.com:8042,-1,-1,-1,3151715,1999,0.0,0.0,0,0,0,0,NOT_START,False,
application_1509436254805_0080,root,QuasiMonteCarlo,hive,FINISHED,SUCCEEDED,100.0,History,http://hdp203.cancer.com:8088/proxy/application_1509436254805_0080/,,1509436254805,MAPREDUCE,,0,1510672475949,1510672657466,181517,http://hdp204.cancer.com:8042/node/containerlogs/container_e05_1509436254805_0080_01_000001/root,hdp204.cancer.com:8042,-1,-1,-1,760244,419,0.0,0.0,0,0,0,0,SUCCEEDED,False,
application_1509343490195_0015,root,QuasiMonteCarlo,hive,FINISHED,SUCCEEDED,100.0,History,http://hdp203.cancer.com:8088/proxy/application_1509343490195_0015/,null,1509436254805,MAPREDUCE,,0,1509416231430,1509416935663,704233,http://hdp203.cancer.com:8042/node/containerlogs/container_e03_1509343490195_0015_01_000001/root,hdp203.cancer.com:8042,-1,-1,-1,3679833,2145,0.0,0.0,0,0,0,0,NOT_START,False,
application_1509343490195_0018,root,QuasiMonteCarlo,hive,FINISHED,SUCCEEDED,100.0,History,http://hdp203.cancer.com:8088/proxy/application_1509343490195_0018/,null,1509436254805,MAPREDUCE,,0,1509417398906,1509417581221,182315,http://hdp203.cancer.com:8042/node/containerlogs/container_e03_1509343490195_0018_01_000001/root,hdp203.cancer.com:8042,-1,-1,-1,1446841,793,0.0,0.0,0,0,0,0,NOT_START,False,
application_1509343490195_0017,root,QuasiMonteCarlo,hive,FINISHED,SUCCEEDED,100.0,History,http://hdp203.cancer.com:8088/proxy/application_1509343490195_0017/,null,1509436254805,MAPREDUCE,,0,1509417270389,1509417373224,102835,http://hdp204.cancer.com:8042/node/containerlogs/container_e03_1509343490195_0017_01_000001/root,hdp204.cancer.com:8042,-1,-1,-1,600267,343,0.0,0.0,0,0,0,0,NOT_START,False,
application_1509436254805_0077,root,QuasiMonteCarlo,hive,FINISHED,SUCCEEDED,100.0,History,http://hdp203.cancer.com:8088/proxy/application_1509436254805_0077/,,1509436254805,MAPREDUCE,,0,1510671235742,1510671358930,123188,http://hdp203.cancer.com:8042/node/containerlogs/container_e05_1509436254805_0077_01_000001/root,hdp203.cancer.com:8042,-1,-1,-1,827073,447,0.0,0.0,0,0,0,0,SUCCEEDED,False,
application_1509436254805_0044,root,QuasiMonteCarlo,hive,FINISHED,SUCCEEDED,100.0,History,http://hdp203.cancer.com:8088/proxy/application_1509436254805_0044/,,1509436254805,MAPREDUCE,,0,1510657890131,1510658000433,110302,http://hdp203.cancer.com:8042/node/containerlogs/container_e05_1509436254805_0044_01_000001/root,hdp203.cancer.com:8042,-1,-1,-1,682913,318,0.0,0.0,0,0,0,0,SUCCEEDED,False,
application_1509436254805_0041,root,QuasiMonteCarlo,hive,FINISHED,SUCCEEDED,100.0,History,http://hdp203.cancer.com:8088/proxy/application_1509436254805_0041/,,1509436254805,MAPREDUCE,,0,1510656516095,1510656611390,95295,http://hdp203.cancer.com:8042/node/containerlogs/container_e05_1509436254805_0041_01_000001/root,hdp203.cancer.com:8042,-1,-1,-1,361988,201,0.0,0.0,0,0,0,0,SUCCEEDED,False,
application_1509436254805_0038,root,QuasiMonteCarlo,hive,FINISHED,SUCCEEDED,100.0,History,http://hdp203.cancer.com:8088/proxy/application_1509436254805_0038/,,1509436254805,MAPREDUCE,,0,1510655267679,1510655403398,135719,http://hdp203.cancer.com:8042/node/containerlogs/container_e05_1509436254805_0038_01_000001/root,hdp203.cancer.com:8042,-1,-1,-1,879364,462,0.0,0.0,0,0,0,0,SUCCEEDED,False,
application_1509436254805_0035,root,QuasiMonteCarlo,hive,FINISHED,SUCCEEDED,100.0,History,http://hdp203.cancer.com:8088/proxy/application_1509436254805_0035/,,1509436254805,MAPREDUCE,,0,1510654033531,1510654227903,194372,http://hdp203.cancer.com:8042/node/containerlogs/container_e05_1509436254805_0035_01_000001/root,hdp203.cancer.com:8042,-1,-1,-1,1149121,602,0.0,0.0,0,0,0,0,SUCCEEDED,False,
application_1509436254805_0029,root,QuasiMonteCarlo,hive,FINISHED,SUCCEEDED,100.0,History,http://hdp203.cancer.com:8088/proxy/application_1509436254805_0029/,,1509436254805,MAPREDUCE,,0,1510640434285,1510640867210,432925,http://hdp203.cancer.com:8042/node/containerlogs/container_e05_1509436254805_0029_01_000001/root,hdp203.cancer.com:8042,-1,-1,-1,2921892,1378,0.0,0.0,0,0,0,0,SUCCEEDED,False,
application_1509436254805_0059,root,QuasiMonteCarlo,hive,FINISHED,SUCCEEDED,100.0,History,http://hdp203.cancer.com:8088/proxy/application_1509436254805_0059/,,1509436254805,MAPREDUCE,,0,1510663735000,1510663891608,156608,http://hdp203.cancer.com:8042/node/containerlogs/container_e05_1509436254805_0059_01_000001/root,hdp203.cancer.com:8042,-1,-1,-1,1172724,624,0.0,0.0,0,0,0,0,SUCCEEDED,False,
application_1509436254805_0056,root,QuasiMonteCarlo,hive,FINISHED,SUCCEEDED,100.0,History,http://hdp203.cancer.com:8088/proxy/application_1509436254805_0056/,,1509436254805,MAPREDUCE,,0,1510662619415,1510662680739,61324,http://hdp204.cancer.com:8042/node/containerlogs/container_e05_1509436254805_0056_01_000001/root,hdp204.cancer.com:8042,-1,-1,-1,393904,209,0.0,0.0,0,0,0,0,SUCCEEDED,False,
application_1509436254805_0053,root,QuasiMonteCarlo,hive,FINISHED,SUCCEEDED,100.0,History,http://hdp203.cancer.com:8088/proxy/application_1509436254805_0053/,,1509436254805,MAPREDUCE,,0,1510661399257,1510661617321,218064,http://hdp203.cancer.com:8042/node/containerlogs/container_e05_1509436254805_0053_01_000001/root,hdp203.cancer.com:8042,-1,-1,-1,1571030,718,0.0,0.0,0,0,0,0,SUCCEEDED,False,
application_1509436254805_0050,root,QuasiMonteCarlo,hive,FINISHED,SUCCEEDED,100.0,History,http://hdp203.cancer.com:8088/proxy/application_1509436254805_0050/,,1509436254805,MAPREDUCE,,0,1510660261042,1510660449336,188294,http://hdp203.cancer.com:8042/node/containerlogs/container_e05_1509436254805_0050_01_000001/root,hdp203.cancer.com:8042,-1,-1,-1,1017976,487,0.0,0.0,0,0,0,0,SUCCEEDED,False,
application_1509436254805_0047,root,QuasiMonteCarlo,hive,FINISHED,SUCCEEDED,100.0,History,http://hdp203.cancer.com:8088/proxy/application_1509436254805_0047/,,1509436254805,MAPREDUCE,,0,1510659027780,1510659171121,143341,http://hdp203.cancer.com:8042/node/containerlogs/container_e05_1509436254805_0047_01_000001/root,hdp203.cancer.com:8042,-1,-1,-1,851701,391,0.0,0.0,0,0,0,0,SUCCEEDED,False,
application_1509436254805_0012,root,QuasiMonteCarlo,hive,FINISHED,SUCCEEDED,100.0,History,http://hdp203.cancer.com:8088/proxy/application_1509436254805_0012/,,1509436254805,MAPREDUCE,,0,1509531058228,1509531097877,39649,http://hdp204.cancer.com:8042/node/containerlogs/container_e05_1509436254805_0012_01_000001/root,hdp204.cancer.com:8042,-1,-1,-1,202281,111,0.0,0.0,0,0,0,0,SUCCEEDED,False,
application_1509436254805_0009,root,SparkPi,spark,FINISHED,SUCCEEDED,100.0,History,http://hdp203.cancer.com:8088/proxy/application_1509436254805_0009/,,1509436254805,SPARK,,0,1509522001830,1509522118051,116221,http://hdp203.cancer.com:8042/node/containerlogs/container_e05_1509436254805_0009_01_000002/root,hdp203.cancer.com:8042,-1,-1,-1,401358,90,0.0,0.0,0,0,0,0,SUCCEEDED,False,
application_1509436254805_0008,root,QuasiMonteCarlo,hive,FINISHED,SUCCEEDED,100.0,History,http://hdp203.cancer.com:8088/proxy/application_1509436254805_0008/,,1509436254805,MAPREDUCE,,0,1509521957839,1509522060561,102722,http://hdp204.cancer.com:8042/node/containerlogs/container_e05_1509436254805_0008_01_000001/root,hdp204.cancer.com:8042,-1,-1,-1,599893,335,0.0,0.0,0,0,0,0,SUCCEEDED,False,
application_1509436254805_0007,root,SparkPi,spark,FINISHED,SUCCEEDED,100.0,History,http://hdp203.cancer.com:8088/proxy/application_1509436254805_0007/,,1509436254805,SPARK,,0,1509518186658,1509518440216,253558,http://hdp204.cancer.com:8042/node/containerlogs/container_e05_1509436254805_0007_01_000001/root,hdp204.cancer.com:8042,-1,-1,-1,1143936,257,0.0,0.0,0,0,0,0,SUCCEEDED,False,
application_1509436254805_0006,root,QuasiMonteCarlo,hive,FINISHED,SUCCEEDED,100.0,History,http://hdp203.cancer.com:8088/proxy/application_1509436254805_0006/,,1509436254805,MAPREDUCE,,0,1509517504234,1509518273846,769612,http://hdp203.cancer.com:8042/node/containerlogs/container_e05_1509436254805_0006_01_000001/root,hdp203.cancer.com:8042,-1,-1,-1,6694635,3561,0.0,0.0,0,0,0,0,SUCCEEDED,False,
application_1509436254805_0005,root,QueueStream,spark,FINISHED,SUCCEEDED,100.0,History,http://hdp203.cancer.com:8088/proxy/application_1509436254805_0005/,,1509436254805,SPARK,,0,1509438092773,1509438163633,70860,http://hdp203.cancer.com:8042/node/containerlogs/container_e05_1509436254805_0005_01_000001/root,hdp203.cancer.com:8042,-1,-1,-1,412669,130,0.0,0.0,0,0,0,0,SUCCEEDED,False,
application_1509436254805_0004,root,QueueStream,spark,FINISHED,SUCCEEDED,100.0,History,http://hdp203.cancer.com:8088/proxy/application_1509436254805_0004/,,1509436254805,SPARK,,0,1509438010033,1509438083073,73040,http://hdp204.cancer.com:8042/node/containerlogs/container_e05_1509436254805_0004_01_000001/root,hdp204.cancer.com:8042,-1,-1,-1,435856,138,0.0,0.0,0,0,0,0,SUCCEEDED,False,
application_1509436254805_0003,root,QueueStream,spark,FINISHED,SUCCEEDED,100.0,History,http://hdp203.cancer.com:8088/proxy/application_1509436254805_0003/,,1509436254805,SPARK,,0,1509437793156,1509437865924,72768,http://hdp203.cancer.com:8042/node/containerlogs/container_e05_1509436254805_0003_01_000001/root,hdp203.cancer.com:8042,-1,-1,-1,421275,132,0.0,0.0,0,0,0,0,SUCCEEDED,False,
application_1509436254805_0002,root,SparkPi,spark,FINISHED,SUCCEEDED,100.0,History,http://hdp203.cancer.com:8088/proxy/application_1509436254805_0002/,,1509436254805,SPARK,,0,1509437519160,1509437558662,39502,http://hdp204.cancer.com:8042/node/containerlogs/container_e05_1509436254805_0002_01_000001/root,hdp204.cancer.com:8042,-1,-1,-1,272005,72,0.0,0.0,0,0,0,0,SUCCEEDED,False,
application_1509436254805_0001,root,SparkPi,spark,FINISHED,SUCCEEDED,100.0,History,http://hdp203.cancer.com:8088/proxy/application_1509436254805_0001/,,1509436254805,SPARK,,0,1509436992103,1509437035821,43718,http://hdp204.cancer.com:8042/node/containerlogs/container_e05_1509436254805_0001_01_000001/root,hdp204.cancer.com:8042,-1,-1,-1,321875,75,0.0,0.0,0,0,0,0,SUCCEEDED,False,
application_1509436254805_0028,root,SparkPi,spark,FINISHED,SUCCEEDED,100.0,History,http://hdp203.cancer.com:8088/proxy/application_1509436254805_0028/,,1509436254805,SPARK,,0,1510022890433,1510022947525,57092,http://hdp204.cancer.com:8042/node/containerlogs/container_e05_1509436254805_0028_01_000001/root,hdp204.cancer.com:8042,-1,-1,-1,392731,88,0.0,0.0,0,0,0,0,SUCCEEDED,False,
application_1509341408153_0004,root,org.apache.spark.examples.ml.SimpleTextClassificationPipeline,hive,FINISHED,SUCCEEDED,100.0,History,http://hdp203.cancer.com:8088/proxy/application_1509341408153_0004/,null,1509436254805,SPARK,,0,1509342852662,1509342949490,96828,http://hdp203.cancer.com:8042/node/containerlogs/container_e02_1509341408153_0004_01_000001/root,hdp203.cancer.com:8042,-1,-1,-1,514239,249,0.0,0.0,0,0,0,0,NOT_START,False,
application_1509341408153_0003,root,org.apache.spark.examples.ml.SimpleTextClassificationPipeline,hive,FINISHED,SUCCEEDED,100.0,History,http://hdp203.cancer.com:8088/proxy/application_1509341408153_0003/,null,1509436254805,SPARK,,0,1509342430343,1509342537446,107103,http://hdp203.cancer.com:8042/node/containerlogs/container_e02_1509341408153_0003_01_000001/root,hdp203.cancer.com:8042,-1,-1,-1,560371,272,0.0,0.0,0,0,0,0,NOT_START,False,
application_1509436254805_0025,root,SparkPi,spark,FINISHED,SUCCEEDED,100.0,History,http://hdp203.cancer.com:8088/proxy/application_1509436254805_0025/,,1509436254805,SPARK,,0,1509693431707,1509693475547,43840,http://hdp203.cancer.com:8042/node/containerlogs/container_e05_1509436254805_0025_01_000001/root,hdp203.cancer.com:8042,-1,-1,-1,329419,77,0.0,0.0,0,0,0,0,SUCCEEDED,False,
application_1509436254805_0024,root,QuasiMonteCarlo,hive,FINISHED,SUCCEEDED,100.0,History,http://hdp203.cancer.com:8088/proxy/application_1509436254805_0024/,,1509436254805,MAPREDUCE,,0,1509692797352,1509693218373,421021,http://hdp203.cancer.com:8042/node/containerlogs/container_e05_1509436254805_0024_01_000001/root,hdp203.cancer.com:8042,-1,-1,-1,3409566,1839,0.0,0.0,0,0,0,0,SUCCEEDED,False,
application_1509341408153_0005,root,org.apache.spark.examples.streaming.QueueStream,hive,FINISHED,SUCCEEDED,100.0,History,http://hdp203.cancer.com:8088/proxy/application_1509341408153_0005/,null,1509436254805,SPARK,,0,1509342868427,1509343009717,141290,http://hdp204.cancer.com:8042/node/containerlogs/container_e02_1509341408153_0005_01_000001/root,hdp204.cancer.com:8042,-1,-1,-1,273536,133,0.0,0.0,0,0,0,0,NOT_START,False,
application_1509436254805_0022,root,QuasiMonteCarlo,hive,FINISHED,KILLED,100.0,History,http://hdp203.cancer.com:8088/proxy/application_1509436254805_0022/,"REDUCE capability required is more than the supported max container capability in the cluster. Killing the Job. reduceResourceRequest: <memory:6000, vCores:1> maxContainerCapability:<memory:5888, vCores:6>
Job received Kill while in RUNNING state.
",1509436254805,MAPREDUCE,,0,1509691815419,1509691821907,6488,http://hdp204.cancer.com:8042/node/containerlogs/container_e05_1509436254805_0022_01_000001/root,hdp204.cancer.com:8042,-1,-1,-1,38378,12,0.0,0.0,0,0,0,0,SUCCEEDED,False,
application_1509436254805_0021,root,QuasiMonteCarlo,hive,FINISHED,KILLED,100.0,History,http://hdp203.cancer.com:8088/proxy/application_1509436254805_0021/,"REDUCE capability required is more than the supported max container capability in the cluster. Killing the Job. reduceResourceRequest: <memory:6000, vCores:1> maxContainerCapability:<memory:5888, vCores:6>
Job received Kill while in RUNNING state.
",1509436254805,MAPREDUCE,,0,1509691761373,1509691768153,6780,http://hdp204.cancer.com:8042/node/containerlogs/container_e05_1509436254805_0021_01_000001/root,hdp204.cancer.com:8042,-1,-1,-1,38461,12,0.0,0.0,0,0,0,0,SUCCEEDED,False,
application_1509436254805_0020,root,SparkPi,spark,FINISHED,SUCCEEDED,100.0,History,http://hdp203.cancer.com:8088/proxy/application_1509436254805_0020/,,1509436254805,SPARK,,0,1509691691325,1509691729405,38080,http://hdp203.cancer.com:8042/node/containerlogs/container_e05_1509436254805_0020_01_000001/root,hdp203.cancer.com:8042,-1,-1,-1,289464,68,0.0,0.0,0,0,0,0,SUCCEEDED,False,
application_1509436254805_0019,root,QuasiMonteCarlo,hive,FINISHED,KILLED,100.0,History,http://hdp203.cancer.com:8088/proxy/application_1509436254805_0019/,"REDUCE capability required is more than the supported max container capability in the cluster. Killing the Job. reduceResourceRequest: <memory:6000, vCores:1> maxContainerCapability:<memory:5888, vCores:6>
Job received Kill while in RUNNING state.
",1509436254805,MAPREDUCE,,0,1509691441594,1509691448625,7031,http://hdp204.cancer.com:8042/node/containerlogs/container_e05_1509436254805_0019_01_000001/root,hdp204.cancer.com:8042,-1,-1,-1,38833,12,0.0,0.0,0,0,0,0,SUCCEEDED,False,
application_1509436254805_0018,root,QuasiMonteCarlo,hive,FINISHED,KILLED,100.0,History,http://hdp203.cancer.com:8088/proxy/application_1509436254805_0018/,"REDUCE capability required is more than the supported max container capability in the cluster. Killing the Job. reduceResourceRequest: <memory:6000, vCores:1> maxContainerCapability:<memory:5888, vCores:6>
Job received Kill while in RUNNING state.
",1509436254805,MAPREDUCE,,0,1509691217017,1509691228720,11703,http://hdp204.cancer.com:8042/node/containerlogs/container_e05_1509436254805_0018_01_000001/root,hdp204.cancer.com:8042,-1,-1,-1,54942,17,0.0,0.0,0,0,0,0,SUCCEEDED,False,
application_1509436254805_0017,root,QuasiMonteCarlo,hive,FINISHED,KILLED,100.0,History,http://hdp203.cancer.com:8088/proxy/application_1509436254805_0017/,"REDUCE capability required is more than the supported max container capability in the cluster. Killing the Job. reduceResourceRequest: <memory:6000, vCores:1> maxContainerCapability:<memory:5888, vCores:6>
Job received Kill while in RUNNING state.
",1509436254805,MAPREDUCE,,0,1509691137948,1509691145065,7117,http://hdp203.cancer.com:8042/node/containerlogs/container_e05_1509436254805_0017_01_000001/root,hdp203.cancer.com:8042,-1,-1,-1,38406,12,0.0,0.0,0,0,0,0,SUCCEEDED,False,
application_1509436254805_0016,root,QuasiMonteCarlo,hive,FINISHED,KILLED,100.0,History,http://hdp203.cancer.com:8088/proxy/application_1509436254805_0016/,"REDUCE capability required is more than the supported max container capability in the cluster. Killing the Job. reduceResourceRequest: <memory:6000, vCores:1> maxContainerCapability:<memory:5888, vCores:6>
Job received Kill while in RUNNING state.
",1509436254805,MAPREDUCE,,0,1509691077672,1509691085037,7365,http://hdp203.cancer.com:8042/node/containerlogs/container_e05_1509436254805_0016_01_000001/root,hdp203.cancer.com:8042,-1,-1,-1,40135,13,0.0,0.0,0,0,0,0,SUCCEEDED,False,
application_1509436254805_0015,root,SparkPi,spark,FINISHED,SUCCEEDED,100.0,History,http://hdp203.cancer.com:8088/proxy/application_1509436254805_0015/,,1509436254805,SPARK,,0,1509691026204,1509691106301,80097,http://hdp204.cancer.com:8042/node/containerlogs/container_e05_1509436254805_0015_01_000001/root,hdp204.cancer.com:8042,-1,-1,-1,460326,95,0.0,0.0,0,0,0,0,SUCCEEDED,False,
application_1509436254805_0014,root,QuasiMonteCarlo,hive,FINISHED,KILLED,100.0,History,http://hdp203.cancer.com:8088/proxy/application_1509436254805_0014/,"REDUCE capability required is more than the supported max container capability in the cluster. Killing the Job. reduceResourceRequest: <memory:6000, vCores:1> maxContainerCapability:<memory:5888, vCores:6>
Job received Kill while in RUNNING state.
",1509436254805,MAPREDUCE,,0,1509691008170,1509691020937,12767,http://hdp203.cancer.com:8042/node/containerlogs/container_e05_1509436254805_0014_01_000001/root,hdp203.cancer.com:8042,-1,-1,-1,55842,18,0.0,0.0,0,0,0,0,SUCCEEDED,False,
application_1509436254805_0013,root,SparkPi,spark,FINISHED,SUCCEEDED,100.0,History,http://hdp203.cancer.com:8088/proxy/application_1509436254805_0013/,,1509436254805,SPARK,,0,1509531071991,1509531142775,70784,http://hdp203.cancer.com:8042/node/containerlogs/container_e05_1509436254805_0013_01_000002/root,hdp203.cancer.com:8042,-1,-1,-1,334565,78,0.0,0.0,0,0,0,0,SUCCEEDED,False,
